2023-08-18 17:34,
2023-08-18 18:00,
2023-08-18 18:26,
2023-08-18 18:52,
2023-08-18 19:18,
2023-08-18 19:44,
2023-08-18 20:10,
2023-08-18 20:36,
2023-08-18 21:02,
2023-08-18 21:29,
2023-08-18 21:55,
2023-08-18 22:22,
2023-08-18 22:48,
2023-08-18 23:15,
2023-08-18 23:42,
2023-08-19 00:08,
2023-08-19 00:35,
2023-08-19 01:01,
2023-08-19 01:27,
2023-08-19 01:53,
2023-08-19 02:20,"100
"
2023-08-19 02:46,"100
"
2023-08-19 03:13,"100
"
2023-08-19 03:39,"100
"
2023-08-19 04:05,"100
"
2023-08-19 04:31,"100
"
2023-08-19 04:58,"100
"
2023-08-19 05:23,"100
"
2023-08-19 05:49,"100
"
2023-08-19 06:15,"100
"
2023-08-19 06:40,"100
"
2023-08-19 07:06,"100
"
2023-08-19 07:33,"100
"
2023-08-19 07:59,"100
"
2023-08-19 08:25,"100
"
2023-08-19 08:51,
2023-08-19 09:18,
2023-08-19 09:45,
2023-08-19 10:11,
2023-08-19 10:37,
2023-08-19 11:04,
2023-08-19 11:31,
2023-08-19 11:57,
2023-08-19 12:24,
2023-08-19 12:51,
2023-08-19 13:18,
2023-08-19 13:46,
2023-08-19 14:13,
2023-08-19 14:41,
2023-08-19 15:08,"999
"
2023-08-19 15:35,"999
"
2023-08-19 16:02,"999
"
2023-08-19 16:28,"999
"
2023-08-19 16:55,"999
"
2023-08-19 17:22,"999
"
2023-08-19 17:50,"999
"
2023-08-19 18:17,"999
"
2023-08-19 18:45,"999
"
2023-08-19 19:13,"999
"
2023-08-19 19:40,"999
"
2023-08-19 20:08,"900
"
2023-08-19 20:36,"900
"
2023-08-19 21:04,"900
"
2023-08-19 21:32,"900
"
2023-08-19 22:00,"900
"
2023-08-19 22:38,"900
"
2023-08-19 23:06,"600
"
2023-08-19 23:34,"600
"
2023-08-20 00:02,"600
"
2023-08-20 00:29,"600
"
2023-08-20 00:56,"600
"
2023-08-20 01:24,"600
"
2023-08-20 01:51,"600
"
2023-08-20 02:19,"600
"
2023-08-20 02:46,"600
"
2023-08-20 03:14,"600
"
2023-08-20 03:41,"600
"
2023-08-20 04:09,"600
"
2023-08-20 04:37,"600
"
2023-08-20 05:05,"600
"
2023-08-20 05:33,"600
"
2023-08-20 06:00,"600
"
2023-08-20 06:28,"600
"
2023-08-20 06:55,"600
"
2023-08-20 07:23,"600
"
2023-08-20 07:51,"600
"
2023-08-20 08:19,"600
"
2023-08-20 08:47,"600
"
2023-08-20 09:15,"999
"
2023-08-20 09:43,"999
"
2023-08-20 10:12,"999
"
2023-08-20 10:40,"999
"
2023-08-20 11:09,"999
"
2023-08-20 11:36,"999
"
2023-08-20 12:04,"999
"
2023-08-20 12:32,"999
"
2023-08-20 13:00,"999
"
2023-08-20 13:28,"999
"
2023-08-20 13:57,"999
"
2023-08-20 14:25,"999
"
2023-08-20 14:53,"999
"
2023-08-20 15:22,"999
"
2023-08-20 15:50,"999
"
2023-08-20 16:19,"999
"
2023-08-20 16:47,"999
"
2023-08-20 17:16,"999
"
